Model,Dataset,Test_Accuracy,Test_Precision,Test_Recall,Test_F1,Test_AUC
Baseline-LR (k=3),Veltri,0.827949438,0.822068966,0.837078652,0.829505915,0.906778658
Baseline-LR (k=3),LMPred,0.749916861,0.7414791,0.767132402,0.754087639,0.814845486
ProtBERT,Veltri,0.859550562,0.892638037,0.81741573,0.853372434,0.92118952
ProtBERT,LMPred,0.86863984,0.849747475,0.895542249,0.872044056,0.930630317
ESM-2,Veltri,0.924157,0.953453,0.891854,0.921626,0.971142
ESM-2,LMPred,0.847024,0.854521,0.836327,0.845326,0.914773
ProtT5,Veltri,0.8974719101123596,0.9845890410958904,0.8075842696629213,0.8873456790123457,0.9544367819719732
ProtT5,LMPred,0.8889258397073495,0.8778280542986425,0.9035262807717898,0.8904918032786885,0.9393506869240243
